Battery,cycle,capacity_Ah,soh_pct,capacity_fade_pct,charge_duration_min,discharge_dur_min,energy_Wh,max_temp_C
B0005,1,1.8564874208181568,92.82,0.0,92.82,55.19,6.5975,38.90411223853604
B0005,2,1.8463272497199268,92.32,0.55,92.32,54.88,6.5748,38.9345898962704
B0005,3,1.835349194223408,91.77,1.14,91.77,54.56,6.5439,38.74364933715347
B0005,4,1.8352625275821128,91.76,1.14,91.76,54.57,6.5434,38.67251117886956
B0005,5,1.8346455082120416,91.73,1.18,91.73,54.53,6.5405,38.5588283762414
B0005,6,1.8356616600675493,91.78,1.12,91.78,54.56,6.5463,38.64849426602047
B0005,7,1.8351461429226603,91.76,1.15,91.76,54.55,6.5458,38.707161399468006
B0005,8,1.8257567905665533,91.29,1.66,91.29,54.26,6.5232,38.48247850754903
B0005,9,1.8247738529891333,91.24,1.71,91.24,54.24,6.5173,38.46047117066617
B0005,10,1.824613268496936,91.23,1.72,91.23,54.24,6.5151,38.440002263808495
B0005,11,1.8246195526864504,91.23,1.72,91.23,54.24,6.5111,38.42303985411221
B0005,12,1.814201935767392,90.71,2.28,90.71,53.92,6.4857,38.4674347458956
B0005,13,1.8137521577549047,90.69,2.3,90.69,53.92,6.4803,38.50748485560728
B0005,14,1.8134404914735824,90.67,2.32,90.67,53.91,6.4757,38.43649902755072
B0005,15,1.8025980036306504,90.13,2.9,90.13,53.59,6.4448,38.16868880096885
B0005,16,1.8021069002461496,90.11,2.93,90.1,53.57,6.4393,38.1359924800777
B0005,17,1.8025795008262089,90.13,2.9,90.13,53.58,6.4377,38.235046911721184
B0005,18,1.8030683142834096,90.15,2.88,90.15,53.59,6.4356,38.37206827600844
B0005,19,1.802777624719604,90.14,2.89,90.14,53.58,6.4328,38.41874277055602
B0005,20,1.8470259949329195,92.35,0.51,92.35,54.91,6.5997,38.40348293513608
B0005,21,1.847417311283644,92.37,0.49,92.37,54.92,6.6002,38.90427046351709
B0005,22,1.8361774213478947,91.81,1.09,91.81,54.6,6.5631,38.45267402611068
B0005,23,1.825780747577624,91.29,1.65,91.29,54.28,6.5278,38.14255653759616
B0005,24,1.8251136435078368,91.26,1.69,91.26,54.26,6.521,38.1130812025911
B0005,25,1.825581504220376,91.28,1.66,91.28,54.28,6.5167,38.184591581774185
B0005,26,1.814031127508391,90.7,2.29,90.7,53.93,6.4838,37.949467459972894
B0005,27,1.8147691941158937,90.74,2.25,90.74,53.95,6.478,38.01919311449829
B0005,28,1.813969388710352,90.7,2.29,90.7,53.92,6.471,38.07657425769093
B0005,29,1.8027656651678232,90.14,2.89,90.14,53.59,6.4398,37.93152652621658
B0005,30,1.804077040117352,90.2,2.82,90.2,53.63,6.4379,38.09349795180285
B0005,31,1.8518025516704488,92.59,0.25,92.59,55.12,6.6117,38.431475133067295
B0005,32,1.8307038456739428,91.54,1.39,91.54,54.49,6.5411,38.41151361110139
B0005,33,1.8199041089501269,91.0,1.97,90.99,54.18,6.5011,38.23656074919321
B0005,34,1.809307963702852,90.47,2.54,90.46,53.86,6.4596,37.86193464017681
B0005,35,1.80460990458052,90.23,2.79,90.23,53.72,6.4385,37.85234522947546
B0005,36,1.7993770651972192,89.97,3.08,89.97,53.56,6.4242,38.2195280246262
B0005,37,1.7884432335370462,89.42,3.67,89.42,53.24,6.3834,37.97707473630467
B0005,38,1.7829230484252725,89.15,3.96,89.15,53.08,6.3593,38.01040809761953
B0005,39,1.7730337158018288,88.65,4.5,88.65,52.78,6.3223,37.78153326259964
B0005,40,1.773037755078937,88.65,4.5,88.65,52.77,6.3179,38.14716767155235
B0005,41,1.7678721106662054,88.39,4.77,88.39,52.62,6.3051,38.66523767048857
B0005,42,1.762315070409309,88.12,5.07,88.12,52.46,6.285,38.73374102208452
B0005,43,1.7676172924938447,88.38,4.79,88.38,52.54,6.3006,38.46446447427885
B0005,44,1.762668359743147,88.13,5.05,88.13,52.47,6.2806,38.20618881420677
B0005,45,1.7517304870664143,87.59,5.64,87.59,52.15,6.2365,37.871573694580434
B0005,46,1.7418496047960008,87.09,6.17,87.09,51.84,6.2008,37.82004945543392
B0005,47,1.7360913511847138,86.8,6.49,86.8,51.68,6.1766,38.042380967873534
B0005,48,1.7936240148573608,89.68,3.39,89.68,53.4,6.4026,40.61676409324107
B0005,49,1.7831890223273277,89.16,3.95,89.16,53.08,6.37,39.75352205267765
B0005,50,1.7673642076278957,88.37,4.8,88.37,52.62,6.305,39.07955502788136
B0005,51,1.7570177850353066,87.85,5.36,87.85,52.31,6.2606,38.7514197535489
B0005,52,1.7468706179837907,87.34,5.9,87.34,52.0,6.2213,38.5521344719629
B0005,53,1.7417172507457144,87.09,6.18,87.09,51.85,6.1991,38.74877822268547
B0005,54,1.7364225056478186,86.82,6.47,86.82,51.69,6.1807,39.086996056790376
B0005,55,1.7263217239235826,86.32,7.01,86.32,51.38,6.1409,38.78645819231579
B0005,56,1.7158065389330133,85.79,7.58,85.79,51.08,6.102,38.81108844804652
B0005,57,1.710533351135192,85.53,7.86,85.53,50.91,6.0797,38.66347864926757
B0005,58,1.706014499648521,85.3,8.11,85.3,50.77,6.0627,38.95945000158567
B0005,59,1.7003110272642588,85.02,8.41,85.02,50.61,6.0436,39.13447565585548
B0005,60,1.6945798601797897,84.73,8.72,84.73,50.44,6.0181,39.05947645454438
B0005,61,1.6849029086609286,84.25,9.24,84.24,50.15,5.9829,38.988659823386286
B0005,62,1.6744741591159715,83.72,9.8,83.72,49.84,5.9441,38.82686153852645
B0005,63,1.6745692479879102,83.73,9.8,83.73,49.84,5.9408,39.275975313518494
B0005,64,1.663716375981405,83.19,10.38,83.18,49.53,5.902,38.97342335718236
B0005,65,1.659013868748246,82.95,10.64,82.95,49.38,5.8875,39.331053622444905
B0005,66,1.6538540573335014,82.69,10.91,82.69,49.22,5.8607,39.37256927347493
B0005,67,1.6426537821301308,82.13,11.52,82.13,48.89,5.8204,39.20264067251961
B0005,68,1.6378578430223698,81.89,11.78,81.89,48.75,5.7991,39.29223196862651
B0005,69,1.6327350407099108,81.64,12.05,81.64,48.59,5.7803,39.39359788488456
B0005,70,1.6277528915533617,81.39,12.32,81.39,48.45,5.7596,39.4709181709351
B0005,71,1.622125485521159,81.11,12.62,81.11,48.28,5.7357,39.54921072457339
B0005,72,1.6113256603765849,80.57,13.21,80.57,47.96,5.6994,39.39370035955599
B0005,73,1.6065631397488385,80.33,13.46,80.33,47.81,5.6782,39.522122794825336
B0005,74,1.6015142233917594,80.08,13.73,80.08,47.66,5.6563,39.583822021338776
B0005,75,1.590369231400328,79.52,14.33,79.52,47.34,5.6179,39.42692706970709
B0005,76,1.5857889968242211,79.29,14.58,79.29,47.19,5.5973,39.484665188466174
B0005,77,1.5849430707374117,79.25,14.63,79.25,47.17,5.589,39.32662729388425
B0005,78,1.5955263892495937,79.78,14.06,79.78,47.49,5.6368,39.7034941383589
B0005,79,1.5747301747801037,78.74,15.18,78.74,46.88,5.5538,39.265407543316286
B0005,80,1.5649019950937946,78.25,15.71,78.24,46.57,5.5135,39.11440680157244
B0005,81,1.5597659473370362,77.99,15.98,77.99,46.41,5.4936,39.32476838126078
B0005,82,1.5594815668184234,77.97,16.0,77.97,46.4,5.4921,39.87862011320845
B0005,83,1.55468935359061,77.73,16.26,77.74,46.26,5.4768,40.00950856663861
B0005,84,1.5488741079890418,77.44,16.57,77.44,46.09,5.4511,39.98828499189766
B0005,85,1.5382365989425582,76.91,17.14,76.91,45.78,5.4116,39.700095117043546
B0005,86,1.527914258251028,76.4,17.7,76.4,45.47,5.3711,39.50409706767029
B0005,87,1.5285252629756445,76.43,17.67,76.43,45.48,5.3711,39.91920745058851
B0005,88,1.5226473252843782,76.13,17.98,76.13,45.31,5.3555,40.11005609160343
B0005,89,1.5174859938489869,75.87,18.26,75.88,45.16,5.336,40.17586235700117
B0005,90,1.605818899130659,80.29,13.5,80.29,47.78,5.6696,39.98142091532012
B0005,91,1.5638491446744425,78.19,15.76,78.19,46.53,5.5159,40.37752962876011
B0005,92,1.5480915247767786,77.4,16.61,77.4,46.07,5.4547,40.42741464560447
B0005,93,1.5323755631868592,76.62,17.46,76.62,45.6,5.3982,40.14829951065202
B0005,94,1.5269528268489705,76.35,17.75,76.35,45.44,5.3699,40.1449227052691
B0005,95,1.5169573017136326,75.85,18.29,75.85,45.14,5.334,40.0408316084248
B0005,96,1.511897596014269,75.59,18.56,75.6,44.99,5.3129,40.178578362590216
B0005,97,1.5065638960681105,75.33,18.85,75.33,44.82,5.2925,40.220286761756896
B0005,98,1.5015453526671363,75.08,19.12,75.08,44.68,5.2717,40.27625422581843
B0005,99,1.4908444050400238,74.54,19.7,74.54,44.36,5.2357,40.18817948927436
B0005,100,1.485868384561201,74.29,19.96,74.29,44.21,5.2166,40.25484092928591
B0005,101,1.480413677976106,74.02,20.26,74.02,44.06,5.1947,40.30569908206496
B0005,102,1.4752095869031632,73.76,20.54,73.76,43.89,5.1745,40.317307847716044
B0005,103,1.4859035988304024,74.3,19.96,74.3,44.21,5.2081,40.436704898222594
B0005,104,1.4960918298136696,74.8,19.41,74.81,44.51,5.2582,40.86152995099408
B0005,105,1.4808005946928984,74.04,20.24,74.04,44.06,5.1955,40.85667657115688
B0005,106,1.4697543268466824,73.49,20.83,73.49,43.73,5.1548,40.70819247073464
B0005,107,1.4539012274845928,72.7,21.69,72.69,43.26,5.091,40.54781449399642
B0005,108,1.454146206723569,72.71,21.67,72.71,43.26,5.0936,40.56795872332495
B0005,109,1.455023751906683,72.75,21.62,72.75,43.28,5.0948,40.91212796995131
B0005,110,1.4490421637612358,72.45,21.95,72.45,43.12,5.0729,41.05450476478047
B0005,111,1.4386709371480566,71.93,22.51,71.93,42.8,5.0355,40.72038694409774
B0005,112,1.4334454321569792,71.67,22.79,71.67,42.64,5.0141,40.64572662339671
B0005,113,1.4333958900838095,71.67,22.79,71.67,42.64,5.0119,40.97215861651164
B0005,114,1.42806487344776,71.4,23.08,71.4,42.48,4.9957,41.13410609927847
B0005,115,1.4229203181741186,71.15,23.35,71.15,42.34,4.9752,41.03272022021008
B0005,116,1.417429032731308,70.87,23.65,70.87,42.18,4.9513,40.90528395430261
B0005,117,1.412409228794446,70.62,23.92,70.62,42.02,4.9299,40.80053581253233
B0005,118,1.4125787929401932,70.63,23.91,70.63,42.02,4.93,41.09540194136111
B0005,119,1.4075983731469897,70.38,24.18,70.38,41.87,4.9176,41.31240545555636
B0005,120,1.4333920485221476,71.67,22.79,71.67,42.64,5.0123,41.03039042540785
B0005,121,1.4382550176792908,71.91,22.53,71.91,42.79,5.0365,41.218903653009626
B0005,122,1.4173547174485526,70.87,23.65,70.87,42.17,4.956,40.89182036981729
B0005,123,1.4069816636776429,70.35,24.21,70.35,41.86,4.9142,40.65247840321352
B0005,124,1.4012037783587623,70.06,24.52,70.06,41.69,4.8895,40.67440385059604
B0005,125,1.3967008232726328,69.84,24.77,69.84,41.55,4.8709,40.71463450273824
B0005,126,1.391284788852726,69.56,25.06,69.56,41.39,4.85,40.70565144370409
B0005,127,1.3862287677978349,69.31,25.33,69.31,41.24,4.8295,40.696869156069326
B0005,128,1.3804366761974138,69.02,25.64,69.02,41.07,4.8068,40.60442540222535
B0005,129,1.3752364150256224,68.76,25.92,68.76,40.92,4.7883,40.55455497537322
B0005,130,1.3705128024895008,68.53,26.18,68.53,40.78,4.7676,40.64562757946504
B0005,131,1.37050855662704,68.53,26.18,68.53,40.78,4.7658,40.72913511316858
B0005,132,1.3647355108681518,68.24,26.49,68.24,40.61,4.7443,40.66733103851702
B0005,133,1.375392016895762,68.77,25.91,68.77,40.92,4.79,41.01678265751372
B0005,134,1.3861115151535393,69.31,25.34,69.31,41.24,4.8371,41.11358772081228
B0005,135,1.369850003583894,68.49,26.21,68.49,40.76,4.7732,41.0291651832534
B0005,136,1.3647827949260758,68.24,26.49,68.24,40.61,4.7463,41.02971442555573
B0005,137,1.3543220466259964,67.72,27.05,67.72,40.29,4.7094,40.725361461895965
B0005,138,1.3546417018378962,67.73,27.03,67.73,40.3,4.7109,41.10772804575616
B0005,139,1.354703921319241,67.74,27.03,67.74,40.31,4.7094,41.31060428109281
B0005,140,1.349314997503458,67.47,27.32,67.46,40.15,4.6874,41.11334870752542
B0005,141,1.3441891937970554,67.21,27.6,67.21,39.99,4.6642,40.89456069448349
B0005,142,1.3389913790695755,66.95,27.88,66.95,39.83,4.6436,40.84992228375306
B0005,143,1.3389145230206971,66.95,27.88,66.94,39.83,4.6453,41.14847344508205
B0005,144,1.3340066759761655,66.7,28.14,66.7,39.69,4.6297,41.07861653298174
B0005,145,1.3286444309174914,66.43,28.43,66.43,39.53,4.6057,40.92005469895581
B0005,146,1.323170899227622,66.16,28.73,66.16,39.37,4.5837,40.71555204594883
B0005,147,1.3181691588445197,65.91,29.0,65.91,39.21,4.5661,40.6659906141436
B0005,148,1.3184664436640334,65.92,28.98,65.92,39.22,4.5698,41.02006502006
B0005,149,1.318293040102702,65.91,28.99,65.92,39.22,4.566,41.00121346642115
B0005,150,1.3238724222442682,66.19,28.69,66.19,39.38,4.5824,40.523979123550006
B0005,151,1.3601216766554785,68.01,26.74,68.01,40.46,4.7292,40.899281677455136
B0005,152,1.3395306867947354,66.98,27.85,66.98,39.85,4.6519,40.905184345691104
B0005,153,1.3290286565120697,66.45,28.41,66.45,39.54,4.6122,40.753742955528345
B0005,154,1.3236741274998955,66.18,28.7,66.18,39.38,4.5906,40.72306254078336
B0005,155,1.318633896753293,65.93,28.97,65.93,39.23,4.5695,40.71276289182772
B0005,156,1.3134751321324272,65.67,29.25,65.67,39.07,4.5505,40.70252493379049
B0005,157,1.3132020634442203,65.66,29.26,65.66,39.07,4.5468,40.769867912095535
B0005,158,1.3077959946944353,65.39,29.56,65.39,38.9,4.5267,40.70780065437411
B0005,159,1.3030329186405918,65.15,29.81,65.15,38.76,4.51,40.68777813156935
B0005,160,1.3033573559038203,65.17,29.79,65.17,38.77,4.5089,40.81433467794727
B0005,161,1.3034100438655642,65.17,29.79,65.17,38.77,4.5066,40.934649901431314
B0005,162,1.2978870806495706,64.89,30.09,64.9,38.61,4.489,40.90160573764766
B0005,163,1.2980735056918902,64.9,30.08,64.9,38.61,4.4855,40.92333096225439
B0005,164,1.293463613844243,64.67,30.33,64.67,38.47,4.4713,40.86467363859314
B0005,165,1.288003392619118,64.4,30.62,64.4,38.31,4.4531,40.85754514759514
B0005,166,1.2874525221379407,64.37,30.65,64.37,38.29,4.4495,40.93702517259015
B0005,167,1.3090153642307354,65.45,29.49,65.45,38.93,4.5379,40.93609151716196
B0005,168,1.3250793286429356,66.25,28.62,66.25,39.41,4.602,40.87390886969321
B0006,1,2.035337591005598,101.77,0.0,101.77,60.91,7.2266,39.16298653238707
B0006,2,2.025140246031412,101.26,0.5,101.26,60.61,7.1996,39.2462026826329
B0006,3,2.013326371345464,100.67,1.08,100.67,60.26,7.1683,38.99920246025285
B0006,4,2.0132846655407413,100.66,1.08,100.66,59.93,7.1722,38.84362777186652
B0006,5,2.000528337624771,100.03,1.71,100.03,59.89,7.117,38.97798888258284
B0006,6,2.0138990759931645,100.69,1.05,100.7,60.28,7.1838,38.83989920742278
B0006,7,2.0131011056269665,100.66,1.09,100.66,60.26,7.1761,39.04610837498471
B0006,8,1.9687898262728405,98.44,3.27,98.44,58.95,7.0123,38.87507521022778
B0006,9,1.9681661764334244,98.41,3.3,98.41,58.58,7.0122,38.7260539826455
B0006,10,1.9572307917560536,97.86,3.84,97.86,58.6,6.9616,38.98629728904917
B0006,11,1.9455991514129352,97.28,4.41,97.28,58.24,6.9266,38.65978861919642
B0006,12,1.934750504484113,96.74,4.94,96.74,57.59,6.8918,38.84979195732924
B0006,13,1.9232799539368028,96.16,5.51,96.16,57.24,6.8519,38.75128344015104
B0006,14,1.911889930948487,95.59,6.07,95.6,57.24,6.8049,38.76853764058789
B0006,15,1.9010667141979305,95.05,6.6,95.05,56.91,6.7574,38.84686112344348
B0006,16,1.8891989948061456,94.46,7.18,94.46,56.56,6.7087,38.8658897816528
B0006,17,1.878278372248849,93.91,7.72,93.91,56.23,6.6792,38.647578733807656
B0006,18,1.8675697161520208,93.38,8.24,93.38,55.91,6.6342,38.79218188173866
B0006,19,1.8675892574453767,93.38,8.24,93.38,55.58,6.6392,38.70730145683621
B0006,20,1.9796265482508184,98.98,2.74,98.98,59.27,7.0465,37.54320599748628
B0006,21,1.9575499080884025,97.88,3.82,97.88,58.61,6.9775,37.90362577530197
B0006,22,1.9458150170787551,97.29,4.4,97.29,58.26,6.9274,37.67016051398871
B0006,23,1.9242461121680088,96.21,5.46,96.21,57.62,6.8508,37.34166959188387
B0006,24,1.945981133142164,97.3,4.39,97.3,57.93,6.9362,37.28979017254232
B0006,25,1.90140793055308,95.07,6.58,95.07,56.6,6.7689,37.16794481484507
B0006,26,1.878674213680085,93.93,7.7,93.93,56.25,6.6697,37.37370958644009
B0006,27,1.8683061328264217,93.42,8.21,93.42,55.94,6.6385,37.17799439404089
B0006,28,1.8560244070083,92.8,8.81,92.8,55.58,6.5907,37.20634436607636
B0006,29,1.8451997961855773,92.26,9.34,92.26,54.91,6.5531,37.17976632018608
B0006,30,1.857228890885317,92.86,8.75,92.86,55.62,6.5955,37.403950478260654
B0006,31,1.924776088909064,96.24,5.43,96.24,57.52,6.8376,37.25007396118109
B0006,32,1.8822317526092551,94.11,7.52,94.11,56.25,6.6893,37.39699052067589
B0006,33,1.8552766878855869,92.76,8.85,92.76,55.6,6.5841,37.285206642025706
B0006,34,1.839250891718188,91.96,9.63,91.96,55.13,6.5197,36.95365902147984
B0006,35,1.8185396073994429,90.93,10.65,90.93,54.52,6.4361,36.93940820337679
B0006,36,1.8134770059567056,90.67,10.9,90.67,54.36,6.4209,37.59874124546701
B0006,37,1.7971018450305436,89.86,11.7,89.86,53.88,6.3567,37.316578000948994
B0006,38,1.7810046294120476,89.05,12.5,89.05,53.4,6.2915,37.38715009201479
B0006,39,1.7710130422682329,88.55,12.99,88.55,53.1,6.2504,37.22606598231413
B0006,40,1.7604712448170945,88.02,13.5,88.02,52.77,6.2119,37.58677381866743
B0006,41,1.7502913788006589,87.51,14.0,87.52,52.46,6.1785,38.11673088112879
B0006,42,1.7394925037732578,86.97,14.54,86.98,52.14,6.1346,38.340431886092745
B0006,43,1.7546766553637203,87.73,13.79,87.73,52.54,6.1794,38.29230099733406
B0006,44,1.7659390941842177,88.3,13.24,88.3,52.95,6.2302,37.99034476962567
B0006,45,1.7337887419624838,86.69,14.82,86.69,51.99,6.1036,37.89882240244169
B0006,46,1.713325912040734,85.67,15.82,85.67,51.37,6.0248,37.82277216637584
B0006,47,1.7024077813673466,85.12,16.36,85.12,51.04,5.9808,38.065368726791895
B0006,48,1.8237194617818304,91.19,10.4,91.19,54.67,6.4576,39.788440481350335
B0006,49,1.8081284050314708,90.41,11.16,90.41,54.2,6.3998,39.05344151440918
B0006,50,1.7757610945034283,88.79,12.75,88.79,53.25,6.2709,38.59715004637951
B0006,51,1.7447409841836798,87.24,14.28,87.24,52.31,6.1478,38.517006516480606
B0006,52,1.729207034132373,86.46,15.04,86.46,51.84,6.0891,38.25803594640088
B0006,53,1.7081086552553244,85.41,16.08,85.4,51.21,6.0078,38.45028379947994
B0006,54,1.6975954237461768,84.88,16.59,84.88,50.89,5.9669,38.84395391055543
B0006,55,1.6820634524029463,84.1,17.36,84.1,50.43,5.9048,38.720068389869496
B0006,56,1.6714768322295086,83.57,17.88,83.57,50.12,5.8605,38.74827601131975
B0006,57,1.6607591387047655,83.04,18.4,83.04,49.8,5.8135,38.81442137442769
B0006,58,1.6511210150380693,82.56,18.88,82.56,49.5,5.774,39.124426055678896
B0006,59,1.640134925619093,82.01,19.42,82.01,49.18,5.736,39.40975004818685
B0006,60,1.629199941616544,81.46,19.95,81.46,48.85,5.6903,39.25512186308611
B0006,61,1.6088496302961666,80.44,20.95,80.44,48.25,5.6135,39.288652657322494
B0006,62,1.6035244898969248,80.18,21.22,80.18,48.09,5.5829,39.372842161748814
B0006,63,1.5989712144027983,79.95,21.44,79.95,47.93,5.5667,39.67635132515977
B0006,64,1.5876273123575604,79.38,22.0,79.38,47.62,5.5196,38.93177716759214
B0006,65,1.5829719744686166,79.15,22.23,79.15,47.48,5.5078,39.13862867708836
B0006,66,1.5671376367135632,78.36,23.0,78.36,47.0,5.4385,39.15706707232394
B0006,67,1.5613446139713882,78.07,23.29,78.07,46.83,5.4131,39.11556064707116
B0006,68,1.551171189279042,77.56,23.79,77.56,46.52,5.3746,39.14308307998525
B0006,69,1.5406741606295171,77.03,24.3,77.03,46.37,5.332,39.32481375803602
B0006,70,1.5253138744624433,76.27,25.06,76.26,45.91,5.2718,39.404095106828855
B0006,71,1.5301570318067428,76.51,24.82,76.51,45.9,5.2896,39.36098826834716
B0006,72,1.5246566834474091,76.23,25.09,76.23,45.73,5.2647,39.46368399504757
B0006,73,1.5145492986655429,75.73,25.59,75.73,45.43,5.2293,39.40688897787013
B0006,74,1.5093915046020818,75.47,25.84,75.47,45.28,5.206,39.48981342708976
B0006,75,1.5039974333050703,75.2,26.11,75.2,45.12,5.1814,39.53908941159524
B0006,76,1.4935201918040188,74.68,26.62,74.68,44.8,5.1426,39.47674280023015
B0006,77,1.4876323024497422,74.38,26.91,74.38,44.79,5.1127,39.83577350818906
B0006,78,1.5302876214401704,76.51,24.81,76.52,46.06,5.2836,40.41893857831922
B0006,79,1.5040760088360112,75.2,26.1,75.2,45.13,5.1775,40.02451449021777
B0006,80,1.4887593608730894,74.44,26.85,74.44,44.82,5.1124,39.981672504646006
B0006,81,1.4782779285546637,73.91,27.37,73.91,44.35,5.0768,40.04269485531106
B0006,82,1.478459982215684,73.92,27.36,73.92,44.34,5.0787,40.54426493664023
B0006,83,1.4732148448999731,73.66,27.62,73.66,44.2,5.0614,40.682207796265736
B0006,84,1.4675164935067897,73.38,27.9,73.38,44.02,5.0342,40.66534809610314
B0006,85,1.4516292657521337,72.58,28.68,72.58,43.71,4.9713,40.49312057833763
B0006,86,1.4519237720967175,72.6,28.66,72.6,43.56,4.9668,40.3268416534286
B0006,87,1.4471484694777743,72.36,28.9,72.36,43.41,4.9546,40.62933622858269
B0006,88,1.4468538105659885,72.34,28.91,72.34,43.4,4.9534,40.95841357216972
B0006,89,1.4416741930284678,72.08,29.17,72.08,43.25,4.9355,40.97534748042028
B0006,90,1.5935866593100128,79.68,21.7,79.68,47.78,5.5068,40.70912558043951
B0006,91,1.5463902376915637,77.32,24.02,77.32,46.37,5.3449,40.46476460144525
B0006,92,1.51470559175661,75.74,25.58,75.74,45.43,5.221,40.54878063528889
B0006,93,1.4989786083335404,74.95,26.35,74.95,44.97,5.1563,40.45973472309453
B0006,94,1.4831110745410492,74.16,27.13,74.16,44.49,5.0955,40.3235584895084
B0006,95,1.4729664825468278,73.65,27.63,73.65,44.19,5.0521,40.35144680527183
B0006,96,1.4627604396099307,73.14,28.13,73.14,43.88,5.015,40.43397955148421
B0006,97,1.4518364681062514,72.59,28.67,72.59,43.71,4.9718,40.523294131286654
B0006,98,1.4468670644030392,72.34,28.91,72.34,43.41,4.9511,40.558888975262775
B0006,99,1.441380399427779,72.07,29.18,72.07,43.24,4.9301,40.58420005702012
B0006,100,1.4312107449607745,71.56,29.68,71.56,43.1,4.8914,40.70770705131733
B0006,101,1.4260247179525716,71.3,29.94,71.3,42.95,4.8702,40.75817731636374
B0006,102,1.420487649966195,71.02,30.21,71.03,42.62,4.8508,40.68422268337908
B0006,103,1.4207006230355006,71.04,30.2,71.04,42.78,4.8485,41.34562077421373
B0006,104,1.4522558043308391,72.61,28.65,72.61,43.56,4.9816,41.358632318507695
B0006,105,1.4315576327725712,71.58,29.66,71.58,42.95,4.8985,41.32880059196829
B0006,106,1.4150157511589432,70.75,30.48,70.75,42.62,4.8307,41.32442934210184
B0006,107,1.4097311506517451,70.49,30.74,70.49,42.31,4.81,41.09412878483389
B0006,108,1.404917318129309,70.25,30.97,70.25,42.15,4.791,41.16864078088257
B0006,109,1.395164296571563,69.76,31.45,69.76,41.86,4.7592,41.3815243514052
B0006,110,1.3945343832614077,69.73,31.48,69.73,41.85,4.7555,41.5470938130409
B0006,111,1.3893171179312644,69.47,31.74,69.47,41.69,4.7297,41.391692643201104
B0006,112,1.3838379472327809,69.19,32.01,69.19,41.53,4.7075,41.32260490019405
B0006,113,1.3736814238195123,68.68,32.51,68.68,41.37,4.6703,41.60591385050248
B0006,114,1.3786059891863676,68.93,32.27,68.93,41.37,4.6913,41.77071599549783
B0006,115,1.3737600299108574,68.69,32.5,68.69,41.22,4.6716,41.6416514281012
B0006,116,1.3682580583942712,68.41,32.77,68.41,41.06,4.6479,41.51078060765933
B0006,117,1.3633024037317505,68.17,33.02,68.17,40.91,4.6269,41.41626206655671
B0006,118,1.35809661401726,67.9,33.27,67.9,40.75,4.6133,41.58325152286086
B0006,119,1.353269090999531,67.66,33.51,67.66,40.76,4.5962,41.97435947732746
B0006,120,1.3841605738237488,69.21,31.99,69.21,41.53,4.711,41.61679232360952
B0006,121,1.4051467790651473,70.26,30.96,70.26,42.16,4.7975,41.75772720039137
B0006,122,1.3787190226273531,68.94,32.26,68.94,41.53,4.6912,41.595272750804526
B0006,123,1.3682657783199066,68.41,32.77,68.41,41.07,4.6496,41.32156112867101
B0006,124,1.3573151296618016,67.87,33.31,67.86,40.89,4.6052,41.36550130829373
B0006,125,1.3524934638801596,67.62,33.55,67.62,40.6,4.5884,41.29420683262217
B0006,126,1.3474099151661236,67.37,33.8,67.37,40.44,4.5679,41.33650789930416
B0006,127,1.3370075130842318,66.85,34.31,66.85,40.29,4.5293,41.33288091955599
B0006,128,1.3312352966718526,66.56,34.59,66.56,40.12,4.5063,41.2551034223273
B0006,129,1.3259303781727645,66.3,34.85,66.3,39.8,4.487,41.15909826568658
B0006,130,1.321578743867529,66.08,35.07,66.08,39.82,4.4687,41.27580317696653
B0006,131,1.3212250740661091,66.06,35.09,66.06,39.66,4.4689,41.257860063743394
B0006,132,1.3156485301862682,65.78,35.36,65.78,39.5,4.4489,41.198679024946905
B0006,133,1.3209025697502388,66.05,35.1,66.04,39.66,4.4706,41.33015317746205
B0006,134,1.3474328767273906,67.37,33.8,67.37,40.44,4.5764,40.84695013517236
B0006,135,1.3260128072353616,66.3,34.85,66.3,39.8,4.4968,40.62954678107001
B0006,136,1.3101186784831065,65.51,35.63,65.51,39.49,4.4319,40.558399669887045
B0006,137,1.30521620229393,65.26,35.87,65.26,39.18,4.4124,40.293586399058654
B0006,138,1.3004061951355774,65.02,36.11,65.02,39.19,4.3941,40.73448171329992
B0006,139,1.300235735841116,65.01,36.12,65.01,39.04,4.397,40.82625781413672
B0006,140,1.2895066722480757,64.48,36.64,64.47,38.88,4.3535,40.72900571675222
B0006,141,1.279253057384795,63.96,37.15,63.96,38.57,4.3147,40.37942251954751
B0006,142,1.2792078171714618,63.96,37.15,63.96,38.4,4.3137,40.24826336353416
B0006,143,1.2740367609029228,63.7,37.4,63.7,38.4,4.2977,40.59574661063397
B0006,144,1.2741273923001468,63.71,37.4,63.71,38.26,4.2979,40.60991060697629
B0006,145,1.263763942644078,63.19,37.91,63.19,37.94,4.2574,40.3422828520572
B0006,146,1.2581373688955233,62.91,38.19,62.91,37.78,4.2361,40.13137569210646
B0006,147,1.253259864055301,62.66,38.42,62.66,37.79,4.2133,40.22053466539239
B0006,148,1.2532313315493426,62.66,38.43,62.66,37.78,4.2173,40.57645031231876
B0006,149,1.2480874960313575,62.4,38.68,62.4,37.47,4.2009,40.36006058310007
B0006,150,1.2534354284944844,62.67,38.42,62.67,37.63,4.2168,40.48669970870626
B0006,151,1.28980487732669,64.49,36.63,64.49,38.72,4.365,41.30113164409644
B0006,152,1.2635402021758837,63.18,37.92,63.18,37.94,4.2635,41.349136092975066
B0006,153,1.2479761706842851,62.4,38.68,62.4,37.47,4.2062,41.17082107159913
B0006,154,1.2321202877943334,61.61,39.46,61.61,37.15,4.1461,41.17267611588762
B0006,155,1.2271137666213534,61.36,39.71,61.36,37.01,4.1239,41.235237260637895
B0006,156,1.2217397581377356,61.09,39.97,61.09,36.69,4.1067,41.13437879927637
B0006,157,1.211102678915174,60.56,40.5,60.56,36.53,4.0669,41.1758055696084
B0006,158,1.2056159765131735,60.28,40.77,60.28,36.37,4.0458,41.16924408213961
B0006,159,1.2008936262717274,60.04,41.0,60.04,36.22,4.0278,41.20963177527846
B0006,160,1.1905903985558337,59.53,41.5,59.53,35.91,3.9935,41.18998426372704
B0006,161,1.185179251041941,59.26,41.77,59.26,35.76,3.9752,41.20508533594191
B0006,162,1.1796706818144624,58.98,42.04,58.98,35.59,3.9556,41.23351532306028
B0006,163,1.1745952836753917,58.73,42.29,58.73,35.44,3.9341,41.23744939089352
B0006,164,1.15381833159625,57.69,43.31,57.69,34.82,3.8613,41.11173095531557
B0006,165,1.1644009557372264,58.22,42.79,58.22,34.98,3.9,41.219095969498746
B0006,166,1.1587974947916069,57.94,43.07,57.94,34.97,3.876,41.420868237132346
B0006,167,1.1749748834769171,58.75,42.27,58.75,35.44,3.9449,41.017462746887134
B0006,168,1.1856752327929356,59.28,41.75,59.28,35.75,3.9892,41.36263766174168
B0007,1,1.89105229539079,94.55,0.0,94.55,57.52,6.7028,40.428784405065336
B0007,2,1.8806370276868591,94.03,0.55,94.03,57.22,6.6844,40.06396596310204
B0007,3,1.8806626717011388,94.03,0.55,94.03,57.22,6.6855,40.06529808080017
B0007,4,1.8807709009833444,94.04,0.54,94.04,57.22,6.6833,40.06561722287998
B0007,5,1.879450872828505,93.97,0.61,93.97,57.19,6.6777,40.02189454407991
B0007,6,1.8807003517117404,94.04,0.55,94.04,56.89,6.699,39.54634677318232
B0007,7,1.8799352523566075,94.0,0.59,94.0,56.87,6.6971,39.63299373681813
B0007,8,1.88150881240388,94.08,0.5,94.08,56.92,6.7017,39.69675815167878
B0007,9,1.8696907870385844,93.48,1.13,93.48,56.89,6.6567,39.73113999618212
B0007,10,1.8700523801391988,93.5,1.11,93.5,56.9,6.6544,39.78751273835835
B0007,11,1.8700442394188577,93.5,1.11,93.5,56.9,6.65,39.84729168320297
B0007,12,1.8596518987766364,92.98,1.66,92.98,56.58,6.6206,39.94408372603611
B0007,13,1.8590746560862208,92.95,1.69,92.95,56.57,6.6209,39.79308171724752
B0007,14,1.8590084577709232,92.95,1.69,92.95,56.57,6.6133,39.881168719114655
B0007,15,1.8593622586957048,92.97,1.68,92.97,56.24,6.6289,39.298402683371634
B0007,16,1.8587355450601035,92.94,1.71,92.94,56.22,6.6219,39.36294233760186
B0007,17,1.847817291322145,92.39,2.29,92.39,56.23,6.5763,39.628948319501816
B0007,18,1.8485252916137047,92.43,2.25,92.43,55.91,6.591,39.22534721491488
B0007,19,1.8483789518500344,92.42,2.26,92.42,55.91,6.5857,39.4126321606434
B0007,20,1.8807805437609768,94.04,0.54,94.04,57.24,6.6967,39.7376718480094
B0007,21,1.88147215974436,94.07,0.51,94.07,57.25,6.7015,40.03374471896789
B0007,22,1.8810954313244783,94.05,0.53,94.06,56.92,6.7103,39.199327542698825
B0007,23,1.8710089649779995,93.55,1.06,93.55,56.94,6.6625,39.226247889930185
B0007,24,1.8701995151941373,93.51,1.1,93.51,56.92,6.6527,39.34570363911702
B0007,25,1.8706715362800983,93.53,1.08,93.53,56.6,6.6669,38.869069122172725
B0007,26,1.8596124644020169,92.98,1.66,92.98,56.59,6.618,39.11839966443177
B0007,27,1.860033909718346,93.0,1.64,93.0,56.28,6.6299,38.68010761281634
B0007,28,1.8591653109160768,92.96,1.69,92.96,56.25,6.6205,38.863045678198645
B0007,29,1.8481398178778288,92.41,2.27,92.41,56.25,6.575,39.14531169811219
B0007,30,1.849201702126164,92.46,2.21,92.46,55.95,6.5869,38.8380564174779
B0007,31,1.8834677437950849,94.17,0.4,94.17,57.19,6.7148,38.82347238972864
B0007,32,1.8628211117905844,93.14,1.49,93.14,56.58,6.6427,39.05387577229197
B0007,33,1.852085039652352,92.6,2.06,92.6,56.26,6.6031,38.69955169797861
B0007,34,1.8469504648208708,92.35,2.33,92.35,56.11,6.5764,38.6052414906155
B0007,35,1.8368284311690184,91.84,2.87,91.84,55.81,6.5423,38.42604747702835
B0007,36,1.837161961967228,91.86,2.85,91.86,55.81,6.5437,39.0468968949422
B0007,37,1.8316722583718847,91.58,3.14,91.58,55.65,6.5183,38.83676495861389
B0007,38,1.8211470951317783,91.06,3.7,91.06,55.33,6.4849,38.49981470604549
B0007,39,1.8165060915115148,90.83,3.94,90.82,55.2,6.4631,38.58234014797077
B0007,40,1.811381560150456,90.57,4.21,90.57,55.03,6.4475,38.787499833494046
B0007,41,1.8116056333939583,90.58,4.2,90.58,55.04,6.4481,39.31221126031847
B0007,42,1.8060548955557405,90.3,4.49,90.3,54.87,6.4292,39.40567993360536
B0007,43,1.8132041826994056,90.66,4.12,90.66,54.86,6.4493,39.32802757827611
B0007,44,1.8062641938283528,90.31,4.48,90.31,54.88,6.4246,38.6112528181758
B0007,45,1.7958310249900458,89.79,5.04,89.79,54.56,6.3806,38.56972695128688
B0007,46,1.7858852600390451,89.29,5.56,89.3,54.26,6.3483,38.34572083526661
B0007,47,1.7803268604502749,89.02,5.86,89.02,54.09,6.3245,38.48254063494672
B0007,48,1.8150756899575573,90.75,4.02,90.75,55.16,6.4716,41.0499421893331
B0007,49,1.815702515484584,90.79,3.98,90.79,55.16,6.4775,40.361944885615415
B0007,50,1.8002432178056669,90.01,4.8,90.01,54.7,6.4144,39.6676965288026
B0007,51,1.7904476205609308,89.52,5.32,89.52,54.4,6.3734,39.48118140481109
B0007,52,1.780343032300132,89.02,5.85,89.02,54.1,6.3335,39.257807454193895
B0007,53,1.775328769596812,88.77,6.12,88.77,53.94,6.3116,39.53594168730464
B0007,54,1.7702629734732849,88.51,6.39,88.51,53.78,6.2939,39.892667037265504
B0007,55,1.7600810618542042,88.0,6.93,88.0,53.48,6.2561,39.5247460038815
B0007,56,1.749647593537689,87.48,7.48,87.48,53.33,6.2098,39.68158685879704
B0007,57,1.7496500750593111,87.48,7.48,87.48,53.16,6.209,39.57521208353014
B0007,58,1.7450287392146833,87.25,7.72,87.25,53.02,6.1917,39.937499452364456
B0007,59,1.7396457455286731,86.98,8.01,86.98,52.86,6.1755,40.09428614357768
B0007,60,1.7285642277717963,86.43,8.59,86.43,52.69,6.1288,39.97280805327176
B0007,61,1.7239003245884184,86.2,8.84,86.2,52.4,6.1154,39.76576683956608
B0007,62,1.7139788776485192,85.7,9.36,85.7,52.25,6.0708,39.82084507228542
B0007,63,1.7139701997004613,85.7,9.36,85.7,52.09,6.0758,40.06434070224277
B0007,64,1.7036521173638766,85.18,9.91,85.18,51.95,6.0322,39.77068017712485
B0007,65,1.7040137474382486,85.2,9.89,85.2,51.79,6.0382,40.205778207762094
B0007,66,1.6935716157343033,84.68,10.44,84.68,51.47,5.9997,40.00361815510674
B0007,67,1.6876577363877656,84.38,10.76,84.38,51.3,5.9749,39.983520662893966
B0007,68,1.6830744356583152,84.15,11.0,84.15,51.16,5.9572,40.0217328031504
B0007,69,1.6779270142025482,83.9,11.27,83.9,51.0,5.9382,40.09830095493444
B0007,70,1.6732060275966172,83.66,11.52,83.66,50.86,5.9197,40.15505079708685
B0007,71,1.6674367208253988,83.37,11.82,83.37,50.68,5.8966,40.139585395321454
B0007,72,1.6622662630667526,83.11,12.1,83.11,50.53,5.8769,40.14612151751924
B0007,73,1.6574243065763063,82.87,12.35,82.87,50.39,5.8565,40.21764013656614
B0007,74,1.652538684928734,82.63,12.61,82.63,50.24,5.8366,40.26991600965302
B0007,75,1.6472174627573322,82.36,12.89,82.36,50.07,5.8166,40.20698228752917
B0007,76,1.6364136810898071,81.82,13.47,81.82,49.92,5.7745,40.246037347166
B0007,77,1.6362554312048496,81.81,13.47,81.81,49.91,5.7716,40.0516731914792
B0007,78,1.641119179218384,82.06,13.22,82.06,50.06,5.7941,40.48445473133732
B0007,79,1.6315700789656966,81.58,13.72,81.58,49.61,5.7538,39.79237107945201
B0007,80,1.621213282987236,81.06,14.27,81.06,49.46,5.71,39.90320158256695
B0007,81,1.6164273214762122,80.82,14.52,80.82,49.31,5.6948,40.16211452657471
B0007,82,1.6158235101619207,80.79,14.55,80.79,49.29,5.6927,40.65588952384415
B0007,83,1.61672418029789,80.84,14.51,80.84,49.16,5.6996,40.67013706843653
B0007,84,1.6108655863730026,80.54,14.82,80.54,48.98,5.6769,40.5775261014646
B0007,85,1.6006603374309376,80.03,15.36,80.03,48.83,5.6341,40.439196974377495
B0007,86,1.5959174487005665,79.8,15.61,79.8,48.69,5.609,40.38020509889158
B0007,87,1.5962179519462243,79.81,15.59,79.81,48.53,5.6181,40.55692556015809
B0007,88,1.5958065114633972,79.79,15.61,79.79,48.53,5.6177,40.869434481811616
B0007,89,1.5906507821480704,79.53,15.89,79.53,48.54,5.5927,41.152199588011
B0007,90,1.6888211161855506,84.44,10.69,84.44,51.48,5.9692,40.775313862227634
B0007,91,1.6259938279733204,81.3,14.02,81.3,49.59,5.7371,41.11269032036178
B0007,92,1.6157433862812898,80.79,14.56,80.79,49.28,5.6944,41.18751339096014
B0007,93,1.6056626764846538,80.28,15.09,80.28,48.98,5.6547,41.0174224655189
B0007,94,1.5949746921524348,79.75,15.66,79.75,48.66,5.616,40.75166671520565
B0007,95,1.5904102438871943,79.52,15.9,79.52,48.52,5.5958,40.776560539991095
B0007,96,1.5853517062988178,79.27,16.17,79.27,48.37,5.5774,40.83166343948914
B0007,97,1.5799737147242376,79.0,16.45,79.0,48.2,5.5575,40.80901190938632
B0007,98,1.5752185465278068,78.76,16.7,78.76,48.06,5.54,40.85871165572172
B0007,99,1.5697984846488682,78.49,16.99,78.49,47.9,5.519,40.85947006208415
B0007,100,1.5702565375950357,78.51,16.96,78.51,47.75,5.5216,40.83076008651047
B0007,101,1.5652498739094385,78.26,17.23,78.26,47.76,5.4959,41.11177965652973
B0007,102,1.5596339335611469,77.98,17.53,77.98,47.59,5.4773,41.02198691321317
B0007,103,1.5649820533392105,78.25,17.24,78.25,47.75,5.4954,41.0301567487976
B0007,104,1.57497949984227,78.75,16.71,78.75,48.06,5.5422,41.64828391430545
B0007,105,1.5652811168780458,78.26,17.23,78.26,47.76,5.4997,41.66844996015672
B0007,106,1.5597554974701258,77.99,17.52,77.99,47.43,5.4837,41.28896111788564
B0007,107,1.549897685670499,77.49,18.04,77.49,47.28,5.4375,41.41061840592637
B0007,108,1.543877153134502,77.19,18.36,77.19,47.11,5.4208,41.22489756015607
B0007,109,1.5450187488690073,77.25,18.3,77.25,47.14,5.4233,41.628894550758574
B0007,110,1.5445940154102908,77.23,18.32,77.23,46.97,5.425,41.580531007260106
B0007,111,1.5343086721758876,76.72,18.86,76.71,46.83,5.3829,41.41771952967064
B0007,112,1.5287603942958483,76.44,19.16,76.44,46.66,5.3615,41.34385149164947
B0007,113,1.5289260249179843,76.45,19.15,76.45,46.66,5.3623,41.61182151115944
B0007,114,1.529091650133123,76.45,19.14,76.46,46.66,5.3595,41.9939097413463
B0007,115,1.5239059324661248,76.2,19.41,76.19,46.52,5.3401,41.804563527140616
B0007,116,1.5186675419100617,75.93,19.69,75.93,46.36,5.3202,41.573207520626006
B0007,117,1.5136482266426952,75.68,19.96,75.68,46.21,5.2995,41.47252918862011
B0007,118,1.5136050185229033,75.68,19.96,75.68,46.2,5.3004,41.748008904722944
B0007,119,1.5139470614867965,75.7,19.94,75.7,46.21,5.303,42.0837292273589
B0007,120,1.5339599193158786,76.7,18.88,76.7,46.82,5.375,41.39523619862162
B0007,121,1.5391372798653098,76.96,18.61,76.96,46.81,5.4078,41.29180260784525
B0007,122,1.5236247972838737,76.18,19.43,76.18,46.51,5.3393,41.29465135543632
B0007,123,1.5135813035589147,75.68,19.96,75.68,46.21,5.302,40.93833286137809
B0007,124,1.5077850749847914,75.39,20.27,75.39,46.03,5.2794,40.88025399949691
B0007,125,1.5031960676037333,75.16,20.51,75.16,45.89,5.2615,40.88127612662327
B0007,126,1.497822059699588,74.89,20.79,74.89,45.73,5.2422,40.83189069697176
B0007,127,1.492848534633516,74.64,21.06,74.64,45.58,5.2233,40.807327050194274
B0007,128,1.492414389867026,74.62,21.08,74.62,45.42,5.2198,40.686641340153976
B0007,129,1.4874827765380811,74.37,21.34,74.37,45.42,5.1954,40.86486332049539
B0007,130,1.4825351486404108,74.13,21.6,74.13,45.28,5.1792,40.77473394603251
B0007,131,1.4827874322228984,74.14,21.59,74.14,45.12,5.1816,40.72166278832649
B0007,132,1.476971179775059,73.85,21.9,73.85,45.11,5.1553,40.84540579465967
B0007,133,1.4819015554137276,74.1,21.64,74.1,45.26,5.1797,40.69617126279692
B0007,134,1.4981366198874824,74.91,20.78,74.91,45.58,5.2459,40.93274509035554
B0007,135,1.4820775214392872,74.1,21.63,74.1,45.26,5.1825,40.87492605424949
B0007,136,1.4771155312812152,73.86,21.89,73.86,45.12,5.1558,40.894856898384425
B0007,137,1.4720772783056488,73.6,22.16,73.6,44.96,5.1339,40.73201932808003
B0007,138,1.4722480136564542,73.61,22.15,73.61,44.8,5.1426,40.81695538185939
B0007,139,1.4670106672274663,73.35,22.42,73.35,44.81,5.1225,41.06935617926997
B0007,140,1.4617672495335383,73.09,22.7,73.09,44.65,5.1015,40.85275275873502
B0007,141,1.4566952670489708,72.83,22.97,72.84,44.49,5.0779,40.67973163870937
B0007,142,1.451354972758956,72.57,23.25,72.57,44.33,5.0581,40.52765679634122
B0007,143,1.451615926257375,72.58,23.24,72.58,44.33,5.0612,40.81149673033023
B0007,144,1.4468161332173683,72.34,23.49,72.34,44.19,5.0457,40.721975999250816
B0007,145,1.4467570607768785,72.34,23.49,72.34,44.2,5.0357,40.75875355611407
B0007,146,1.4413797481446793,72.07,23.78,72.07,44.03,5.0128,40.5960471432513
B0007,147,1.4362456252208178,71.81,24.05,71.81,43.87,4.9972,40.446471710483216
B0007,148,1.4368154153924828,71.84,24.02,71.84,43.88,4.9996,40.71353875268081
B0007,149,1.4362945145860049,71.81,24.05,71.82,43.87,4.9955,40.86285832238215
B0007,150,1.4418575315878015,72.09,23.75,72.09,44.04,5.0099,40.56969934012631
B0007,151,1.4672063484781797,73.36,22.41,73.36,44.64,5.1244,40.52818743981595
B0007,152,1.4518640367848883,72.59,23.22,72.59,44.34,5.0595,40.75679533191718
B0007,153,1.44713797527485,72.36,23.47,72.36,44.04,5.0446,40.441766344932425
B0007,154,1.4417905865623992,72.09,23.76,72.09,43.88,5.023,40.400629022259295
B0007,155,1.431630947911111,71.58,24.29,71.58,43.73,4.9844,40.388025710616006
B0007,156,1.4318084249673686,71.59,24.29,71.59,43.74,4.9767,40.635154043056936
B0007,157,1.4262562585106868,71.31,24.58,71.31,43.57,4.9618,40.44154248401996
B0007,158,1.4260877528924911,71.3,24.59,71.31,43.41,4.9609,40.33246771652526
B0007,159,1.4212633510031694,71.06,24.84,71.06,43.42,4.9373,40.592486196750045
B0007,160,1.4163272748795108,70.82,25.1,70.82,43.27,4.9247,40.44622578982281
B0007,161,1.4165781829175994,70.83,25.09,70.83,43.28,4.9184,40.7113405974859
B0007,162,1.4108401729425175,70.54,25.39,70.54,43.11,4.9031,40.53404994309629
B0007,163,1.4109949628347804,70.55,25.39,70.55,43.11,4.8969,40.67414585258148
B0007,164,1.4061714290398797,70.31,25.64,70.31,42.97,4.8837,40.53416887153274
B0007,165,1.4063358479692922,70.32,25.63,70.32,42.97,4.8793,40.75998783542229
B0007,166,1.4004552399066514,70.02,25.94,70.02,42.79,4.863,40.60518816724856
B0007,167,1.4217865046055154,71.09,24.82,71.09,43.43,4.9416,40.65639258944407
B0007,168,1.4324552720625434,71.62,24.25,71.62,43.75,4.9955,40.29759633066285
B0018,1,1.8550045207910817,92.75,0.0,92.75,55.63,6.5596,38.0711698137954
B0018,2,1.8431955317089987,92.16,0.64,92.16,55.3,6.534,38.089601873731226
B0018,3,1.8396018424355425,91.98,0.83,91.98,55.2,6.5254,37.48191701356741
B0018,4,1.8306736044962053,91.53,1.31,91.53,54.93,6.4948,36.98405713758593
B0018,5,1.8327002069419656,91.64,1.2,91.64,54.96,6.514,38.147535095538046
B0018,6,1.8285288846046388,91.43,1.43,91.43,54.86,6.5042,38.10753509760058
B0018,7,1.8212011895697924,91.06,1.82,91.06,54.48,6.4825,37.58357270953031
B0018,8,1.815170010643328,90.76,2.15,90.76,54.29,6.4568,37.3184121432918
B0018,9,1.8042980520967649,90.21,2.73,90.21,54.13,6.4159,37.20433928091077
B0018,10,1.8231002302844224,91.16,1.72,91.16,54.69,6.4803,37.425341588465415
B0018,11,1.8121253520255487,90.61,2.31,90.61,54.38,6.4473,37.644744202024505
B0018,12,1.8046916382117768,90.23,2.71,90.24,53.99,6.4215,37.33609990125393
B0018,13,1.790844349786295,89.54,3.46,89.54,53.59,6.3706,36.86738796169136
B0018,14,1.783470722841926,89.17,3.86,89.17,53.36,6.3392,36.603235149147785
B0018,15,1.7809386125310702,89.05,3.99,89.05,53.43,6.3317,37.03299324564395
B0018,16,1.7712090396726985,88.56,4.52,88.56,53.16,6.2995,37.58137605860513
B0018,17,1.7686303996707076,88.43,4.66,88.43,52.92,6.292,37.539269380140006
B0018,18,1.7536304801917124,87.68,5.46,87.68,52.48,6.2366,37.06827274405187
B0018,19,1.7462197416415093,87.31,5.86,87.31,52.26,6.1996,36.6839193585151
B0018,20,1.7376647337053737,86.88,6.33,86.88,52.18,6.1647,36.42019668187144
B0018,21,1.7315166735475835,86.58,6.66,86.58,51.81,6.1433,36.2705433192296
B0018,22,1.7085949894470602,85.43,7.89,85.43,51.31,6.056,36.421376233394135
B0018,23,1.7114699570682108,85.57,7.74,85.57,51.22,6.0675,36.37111536545846
B0018,24,1.7075021373272627,85.38,7.95,85.38,51.11,6.0511,36.277265430122725
B0018,25,1.7492382064360228,87.46,5.7,87.46,52.33,6.2043,36.50809345894971
B0018,26,1.7327697147429957,86.64,6.59,86.64,52.01,6.1488,37.272103613203534
B0018,27,1.7222313328292376,86.11,7.16,86.11,51.52,6.1179,37.484318794075584
B0018,28,1.711846298984729,85.59,7.72,85.59,51.22,6.0771,37.44591895967972
B0018,29,1.6992678351266868,84.96,8.4,84.96,51.03,6.0221,37.37929193731929
B0018,30,1.6940366439243106,84.7,8.68,84.7,50.69,6.0059,37.10967106898499
B0018,31,1.6819027078768087,84.1,9.33,84.1,50.32,5.9606,37.21868803130104
B0018,32,1.6769770618433686,83.85,9.6,83.85,50.17,5.9407,37.59506014554184
B0018,33,1.6655229306478936,83.28,10.21,83.28,49.84,5.8982,37.72573404565284
B0018,34,1.6571924575832084,82.86,10.66,82.86,49.6,5.8621,37.52606074622505
B0018,35,1.6482241555294048,82.41,11.15,82.41,49.51,5.8274,37.384038172918025
B0018,36,1.6387701497987262,81.94,11.66,81.94,49.24,5.7848,37.39793737529416
B0018,37,1.6276486907262062,81.38,12.26,81.38,48.71,5.749,37.21688662599136
B0018,38,1.62215370227252,81.11,12.55,81.11,48.72,5.7237,37.73302692828877
B0018,39,1.6140066510467586,80.7,12.99,80.7,48.49,5.6904,37.841989781229785
B0018,40,1.6760516154424625,83.8,9.65,83.8,50.34,5.9225,37.2696094894026
B0018,41,1.649300642552199,82.47,11.09,82.46,49.36,5.8313,37.17851155117441
B0018,42,1.63238299185809,81.62,12.0,81.62,49.05,5.7614,37.145556954500414
B0018,43,1.6164159719025777,80.82,12.86,80.82,48.58,5.6975,37.0387210082244
B0018,44,1.6109028378249377,80.55,13.16,80.54,48.22,5.6756,36.80724434189988
B0018,45,1.5954638693695655,79.77,13.99,79.77,47.95,5.6164,36.83074553841781
B0018,46,1.7267074400857645,86.34,6.92,86.34,51.85,6.1195,36.59465442180326
B0018,47,1.7165673917429751,85.83,7.46,85.83,51.38,6.0891,36.60468095517924
B0018,48,1.6958235570934848,84.79,8.58,84.79,50.76,6.0121,36.60941516327632
B0018,49,1.6777783190792557,83.89,9.55,83.89,50.22,5.9415,36.64790759307344
B0018,50,1.6606586897774192,83.03,10.48,83.03,49.69,5.8762,36.64251204275912
B0018,51,1.6664109274827466,83.32,10.17,83.32,49.87,5.9044,37.218342436618784
B0018,52,1.6468336174407805,82.34,11.22,82.34,49.48,5.8254,37.337248455152285
B0018,53,1.6257639928779952,81.29,12.36,81.29,48.67,5.75,36.99461076469677
B0018,54,1.6121577411874597,80.61,13.09,80.61,48.45,5.6907,37.03307918151261
B0018,55,1.6057366823755344,80.29,13.44,80.29,48.25,5.6656,37.026048931109145
B0018,56,1.673645314879889,83.68,9.78,83.68,50.08,5.9116,37.01360881264833
B0018,57,1.6404348572349936,82.02,11.57,82.02,49.1,5.8029,37.13999502043664
B0018,58,1.6132653317422077,80.66,13.03,80.66,48.48,5.6961,37.24312487153826
B0018,59,1.5920964324686278,79.6,14.17,79.6,47.85,5.6133,37.21612640271805
B0018,60,1.5866011820698824,79.33,14.47,79.33,47.5,5.5909,37.1063495531188
B0018,61,1.580076649033625,79.0,14.82,79.0,47.29,5.5669,37.06309763144146
B0018,62,1.5641732953289167,78.21,15.68,78.21,47.02,5.5043,37.38044606479493
B0018,63,1.5556182721939218,77.78,16.14,77.78,46.57,5.4736,37.27421365851993
B0018,64,1.5402045278637395,77.01,16.97,77.01,46.31,5.4124,37.36155077653238
B0018,65,1.5321613015959863,76.61,17.4,76.61,46.07,5.3776,37.4240706098966
B0018,66,1.5316232403693415,76.58,17.43,76.58,46.05,5.3741,37.32170855453938
B0018,67,1.5222595950771978,76.11,17.94,76.11,45.57,5.3409,37.21803909766334
B0018,68,1.5065267126851285,75.33,18.79,75.33,45.3,5.2748,37.36146310752568
B0018,69,1.5014219556532926,75.07,19.06,75.07,45.15,5.2545,37.42277934016961
B0018,70,1.4963534117486457,74.82,19.33,74.82,45.0,5.2301,37.49473111043237
B0018,71,1.5334262000312422,76.67,17.34,76.67,46.1,5.3778,37.595200808006354
B0018,72,1.523845267514426,76.19,17.85,76.19,45.62,5.3453,37.76481484354
B0018,73,1.501192099426124,75.06,19.07,75.06,45.14,5.2527,37.78398551406109
B0018,74,1.492417671450291,74.62,19.55,74.62,44.88,5.2215,37.78514285378528
B0018,75,1.483323851940123,74.17,20.04,74.17,44.62,5.1857,37.6559139355
B0018,76,1.4807376792294196,74.04,20.18,74.04,44.53,5.1747,37.654809817103455
B0018,77,1.4735077809902477,73.68,20.57,73.68,44.11,5.1489,37.737596057118175
B0018,78,1.46801928526661,73.4,20.86,73.4,44.16,5.1246,38.09038375777367
B0018,79,1.458092355711902,72.9,21.4,72.9,43.86,5.084,38.00992689757296
B0018,80,1.44786609888914,72.39,21.95,72.39,43.56,5.0402,37.85828309176389
B0018,81,1.4527808777541982,72.64,21.68,72.64,43.71,5.0619,37.61605801135635
B0018,82,1.4425356364492432,72.13,22.24,72.13,43.18,5.0238,37.7246970891929
B0018,83,1.4392712877203313,71.96,22.41,71.96,43.09,5.0138,37.98551681587083
B0018,84,1.4286475681888218,71.43,22.98,71.43,42.98,4.9739,38.19674988450911
B0018,85,1.4249026750004896,71.25,23.19,71.24,42.67,4.9572,38.01732029246076
B0018,86,1.4698115324524124,73.49,20.77,73.49,44.21,5.1269,37.88680244835222
B0018,87,1.4525819651050202,72.63,21.69,72.63,43.71,5.0615,38.01304962019312
B0018,88,1.4428341989087938,72.14,22.22,72.14,43.2,5.0236,37.75581165232301
B0018,89,1.4283760588079488,71.42,23.0,71.42,42.99,4.9615,37.85013725897721
B0018,90,1.4154547844370715,70.77,23.7,70.77,42.39,4.9161,37.463991469172406
B0018,91,1.454576670077708,72.73,21.59,72.73,43.55,5.0681,38.00393175295693
B0018,92,1.4283179548274056,71.42,23.0,71.42,42.98,4.968,38.197040570889705
B0018,93,1.4197026883204058,70.99,23.47,70.98,42.72,4.9351,38.32492774124768
B0018,94,1.4155606630306516,70.78,23.69,70.78,42.6,4.918,38.3538628354355
B0018,95,1.405680035419228,70.28,24.22,70.28,42.3,4.8745,38.336319971243576
B0018,96,1.4084461071166137,70.42,24.07,70.42,42.39,4.8871,38.31066138715079
B0018,97,1.3968547782872414,69.84,24.7,69.84,42.04,4.8432,38.34554779521408
B0018,98,1.3935670371440676,69.68,24.88,69.68,41.72,4.8337,38.26069911966897
B0018,99,1.3893644292809475,69.47,25.1,69.47,41.6,4.8183,38.38622612946944
B0018,100,1.3785651415666709,68.93,25.68,68.93,41.5,4.7737,38.44569270871778
B0018,101,1.384901110085747,69.25,25.34,69.24,41.47,4.8,38.271327795070576
B0018,102,1.3703251814242443,68.52,26.13,68.52,41.24,4.7392,38.44431897783935
B0018,103,1.3733464385229082,68.67,25.97,68.67,41.12,4.7543,38.4567045603344
B0018,104,1.3679487285504814,68.4,26.26,68.4,40.96,4.7353,38.51321070482653
B0018,105,1.3567141087089647,67.84,26.86,67.83,40.84,4.6878,38.66427230609814
B0018,106,1.4604310209194575,73.02,21.27,73.02,43.72,5.0933,37.117759545012696
B0018,107,1.4500998937104097,72.5,21.83,72.51,43.42,5.0581,37.66599214993621
B0018,108,1.4381406901824496,71.91,22.47,71.91,43.07,5.0162,37.960627296378775
B0018,109,1.4283681980964316,71.42,23.0,71.42,42.79,4.9766,37.843583235900304
B0018,110,1.4147874517552432,70.74,23.73,70.74,42.37,4.9225,37.70386654430651
B0018,111,1.4138891633931818,70.69,23.78,70.69,42.35,4.9144,37.602507942781926
B0018,112,1.3989331662177225,69.95,24.59,69.95,41.89,4.8612,37.76210774695271
B0018,113,1.3953322584033976,69.77,24.78,69.77,41.99,4.8467,38.307963863145964
B0018,114,1.390046129540245,69.5,25.07,69.5,41.84,4.8304,38.67562662855951
B0018,115,1.3860271454209647,69.3,25.28,69.3,41.52,4.8124,38.465014767124295
B0018,116,1.388215260193751,69.41,25.16,69.41,41.8,4.8135,38.20067324159929
B0018,117,1.3761826562394497,68.81,25.81,68.81,41.22,4.7688,37.91928891103033
B0018,118,1.3647168898640163,68.24,26.43,68.24,41.1,4.7201,37.88966309875926
B0018,119,1.3589854739373584,67.95,26.74,67.95,40.94,4.6973,37.82773949115715
B0018,120,1.34623087640088,67.31,27.43,67.31,40.56,4.6459,37.64818525006599
B0018,121,1.4268427818454643,71.34,23.08,71.34,42.73,4.9642,37.24067403454629
B0018,122,1.4064481483279665,70.32,24.18,70.32,42.12,4.8899,37.614601509632784
B0018,123,1.3934907492075153,69.67,24.88,69.68,41.96,4.8387,37.839370631605945
B0018,124,1.3882493512249316,69.41,25.16,69.41,41.58,4.8205,37.6972955351138
B0018,125,1.3701878338420928,68.51,26.14,68.51,41.27,4.7484,37.7426165995623
B0018,126,1.379695166560862,68.98,25.62,68.98,41.32,4.7842,37.684553693657726
B0018,127,1.3686586323935683,68.43,26.22,68.43,41.22,4.7406,38.1825631848398
B0018,128,1.3627371779096438,68.14,26.54,68.14,41.03,4.7237,38.61408664348295
B0018,129,1.3634051133928071,68.17,26.5,68.17,40.83,4.7319,38.60862909582973
B0018,130,1.3518646035305233,67.59,27.12,67.59,40.49,4.6787,38.51775158653511
B0018,131,1.3547969729652622,67.74,26.97,67.74,40.82,4.6846,38.40384878843207
B0018,132,1.3410514406404852,67.05,27.71,67.05,40.4,4.6348,38.14374167756122
